[{"model": "admin.logentry", "pk": 1, "fields": {"action_time": "2021-07-25T22:34:09.036Z", "user": 1, "content_type": 10, "object_id": "2516689", "object_repr": "2516689 - 5402548899Desktop - Positivo - Series F - ", "action_flag": 1, "change_message": "[{\"added\": {}}]"}}, {"model": "admin.logentry", "pk": 2, "fields": {"action_time": "2021-07-25T22:34:45.336Z", "user": 1, "content_type": 10, "object_id": "23416682", "object_repr": "23416682 - 02548899Desktop - Positivo - Series F - ", "action_flag": 1, "change_message": "[{\"added\": {}}]"}}, {"model": "admin.logentry", "pk": 3, "fields": {"action_time": "2021-07-25T22:35:19.880Z", "user": 1, "content_type": 10, "object_id": "2516685", "object_repr": "2516685 - 0254889955Notebook - Daten - DT-02 - ", "action_flag": 1, "change_message": "[{\"added\": {}}]"}}, {"model": "admin.logentry", "pk": 4, "fields": {"action_time": "2021-07-25T22:50:26.115Z", "user": 1, "content_type": 13, "object_id": "118", "object_repr": "(10.19.037) EM Francisco Caldeira De Alvarenga - 25-07-2021 22:50", "action_flag": 1, "change_message": "[{\"added\": {}}]"}}, {"model": "admin.logentry", "pk": 5, "fields": {"action_time": "2021-07-25T22:52:22.096Z", "user": 1, "content_type": 8, "object_id": "119", "object_repr": "(10.19.211) CIEP Major Manuel Gomes Archer - 25-07-2021 22:52", "action_flag": 1, "change_message": "[{\"added\": {}}, {\"added\": {\"name\": \"status de baixa\", \"object\": \"23416682 - 02548899Desktop - Positivo - Series F -  - obsolesc\\u00eancia - N\\u00e3o liga\"}}]"}}, {"model": "admin.logentry", "pk": 6, "fields": {"action_time": "2021-07-26T00:04:52.982Z", "user": 1, "content_type": 16, "object_id": "1", "object_repr": "tecnicos", "action_flag": 1, "change_message": "[{\"added\": {}}]"}}, {"model": "admin.logentry", "pk": 7, "fields": {"action_time": "2021-07-26T00:07:11.878Z", "user": 1, "content_type": 16, "object_id": "2", "object_repr": "gestores", "action_flag": 1, "change_message": "[{\"added\": {}}]"}}, {"model": "admin.logentry", "pk": 8, "fields": {"action_time": "2021-07-26T00:09:36.668Z", "user": 1, "content_type": 17, "object_id": "2", "object_repr": "isaac.barros", "action_flag": 1, "change_message": "[{\"added\": {}}]"}}, {"model": "admin.logentry", "pk": 9, "fields": {"action_time": "2021-07-26T00:10:07.795Z", "user": 1, "content_type": 17, "object_id": "3", "object_repr": "barbara.filhagosa", "action_flag": 1, "change_message": "[{\"added\": {}}]"}}, {"model": "admin.logentry", "pk": 10, "fields": {"action_time": "2021-07-26T00:11:03.957Z", "user": 1, "content_type": 17, "object_id": "3", "object_repr": "barbara.filhagosa", "action_flag": 2, "change_message": "[{\"changed\": {\"fields\": [\"First name\", \"Last name\", \"Email address\", \"Staff status\", \"Groups\"]}}]"}}, {"model": "admin.logentry", "pk": 11, "fields": {"action_time": "2021-07-26T00:12:13.726Z", "user": 1, "content_type": 17, "object_id": "2", "object_repr": "isaac.barros", "action_flag": 2, "change_message": "[{\"changed\": {\"fields\": [\"First name\", \"Last name\", \"Email address\", \"Staff status\", \"Groups\"]}}]"}}, {"model": "admin.logentry", "pk": 12, "fields": {"action_time": "2021-08-12T01:48:07.298Z", "user": 1, "content_type": 9, "object_id": "3", "object_repr": "Oi MEC - 20Mbps - RJO6847878 - (10.19.037) EM Francisco Caldeira De Alvarenga", "action_flag": 3, "change_message": ""}}, {"model": "admin.logentry", "pk": 13, "fields": {"action_time": "2021-08-12T01:48:07.316Z", "user": 1, "content_type": 9, "object_id": "2", "object_repr": "Embratel - 5Mbps - 000 - (10.19.037) EM Francisco Caldeira De Alvarenga", "action_flag": 3, "change_message": ""}}, {"model": "admin.logentry", "pk": 14, "fields": {"action_time": "2021-08-12T01:48:07.325Z", "user": 1, "content_type": 9, "object_id": "1", "object_repr": "Oi - 2Mbps - RJO6847856 - (10.19.037) EM Francisco Caldeira De Alvarenga", "action_flag": 3, "change_message": ""}}, {"model": "auth.permission", "pk": 1, "fields": {"name": "Can add escola", "content_type": 1, "codename": "add_escola"}}, {"model": "auth.permission", "pk": 2, "fields": {"name": "Can change escola", "content_type": 1, "codename": "change_escola"}}, {"model": "auth.permission", "pk": 3, "fields": {"name": "Can delete escola", "content_type": 1, "codename": "delete_escola"}}, {"model": "auth.permission", "pk": 4, "fields": {"name": "Can view escola", "content_type": 1, "codename": "view_escola"}}, {"model": "auth.permission", "pk": 5, "fields": {"name": "Can add Fornecedor de Internet", "content_type": 2, "codename": "add_fornecedordeinternet"}}, {"model": "auth.permission", "pk": 6, "fields": {"name": "Can change Fornecedor de Internet", "content_type": 2, "codename": "change_fornecedordeinternet"}}, {"model": "auth.permission", "pk": 7, "fields": {"name": "Can delete Fornecedor de Internet", "content_type": 2, "codename": "delete_fornecedordeinternet"}}, {"model": "auth.permission", "pk": 8, "fields": {"name": "Can view Fornecedor de Internet", "content_type": 2, "codename": "view_fornecedordeinternet"}}, {"model": "auth.permission", "pk": 9, "fields": {"name": "Can add Local de Atendimento", "content_type": 3, "codename": "add_localdeatendimento"}}, {"model": "auth.permission", "pk": 10, "fields": {"name": "Can change Local de Atendimento", "content_type": 3, "codename": "change_localdeatendimento"}}, {"model": "auth.permission", "pk": 11, "fields": {"name": "Can delete Local de Atendimento", "content_type": 3, "codename": "delete_localdeatendimento"}}, {"model": "auth.permission", "pk": 12, "fields": {"name": "Can view Local de Atendimento", "content_type": 3, "codename": "view_localdeatendimento"}}, {"model": "auth.permission", "pk": 13, "fields": {"name": "Can add relatorio", "content_type": 4, "codename": "add_relatorio"}}, {"model": "auth.permission", "pk": 14, "fields": {"name": "Can change relatorio", "content_type": 4, "codename": "change_relatorio"}}, {"model": "auth.permission", "pk": 15, "fields": {"name": "Can delete relatorio", "content_type": 4, "codename": "delete_relatorio"}}, {"model": "auth.permission", "pk": 16, "fields": {"name": "Can view relatorio", "content_type": 4, "codename": "view_relatorio"}}, {"model": "auth.permission", "pk": 17, "fields": {"name": "Can add Tipo de Computador", "content_type": 5, "codename": "add_tipodecomputador"}}, {"model": "auth.permission", "pk": 18, "fields": {"name": "Can change Tipo de Computador", "content_type": 5, "codename": "change_tipodecomputador"}}, {"model": "auth.permission", "pk": 19, "fields": {"name": "Can delete Tipo de Computador", "content_type": 5, "codename": "delete_tipodecomputador"}}, {"model": "auth.permission", "pk": 20, "fields": {"name": "Can view Tipo de Computador", "content_type": 5, "codename": "view_tipodecomputador"}}, {"model": "auth.permission", "pk": 21, "fields": {"name": "Can add Tipo de Laboratório", "content_type": 6, "codename": "add_tipodelaboratorio"}}, {"model": "auth.permission", "pk": 22, "fields": {"name": "Can change Tipo de Laboratório", "content_type": 6, "codename": "change_tipodelaboratorio"}}, {"model": "auth.permission", "pk": 23, "fields": {"name": "Can delete Tipo de Laboratório", "content_type": 6, "codename": "delete_tipodelaboratorio"}}, {"model": "auth.permission", "pk": 24, "fields": {"name": "Can view Tipo de Laboratório", "content_type": 6, "codename": "view_tipodelaboratorio"}}, {"model": "auth.permission", "pk": 25, "fields": {"name": "Can add Tipo de Problema", "content_type": 7, "codename": "add_tipodeproblema"}}, {"model": "auth.permission", "pk": 26, "fields": {"name": "Can change Tipo de Problema", "content_type": 7, "codename": "change_tipodeproblema"}}, {"model": "auth.permission", "pk": 27, "fields": {"name": "Can delete Tipo de Problema", "content_type": 7, "codename": "delete_tipodeproblema"}}, {"model": "auth.permission", "pk": 28, "fields": {"name": "Can view Tipo de Problema", "content_type": 7, "codename": "view_tipodeproblema"}}, {"model": "auth.permission", "pk": 29, "fields": {"name": "Can add Parecer Técnico", "content_type": 8, "codename": "add_parecertecnico"}}, {"model": "auth.permission", "pk": 30, "fields": {"name": "Can change Parecer Técnico", "content_type": 8, "codename": "change_parecertecnico"}}, {"model": "auth.permission", "pk": 31, "fields": {"name": "Can delete Parecer Técnico", "content_type": 8, "codename": "delete_parecertecnico"}}, {"model": "auth.permission", "pk": 32, "fields": {"name": "Can view Parecer Técnico", "content_type": 8, "codename": "view_parecertecnico"}}, {"model": "auth.permission", "pk": 33, "fields": {"name": "Can add Link de Internet", "content_type": 9, "codename": "add_linkdeinternet"}}, {"model": "auth.permission", "pk": 34, "fields": {"name": "Can change Link de Internet", "content_type": 9, "codename": "change_linkdeinternet"}}, {"model": "auth.permission", "pk": 35, "fields": {"name": "Can delete Link de Internet", "content_type": 9, "codename": "delete_linkdeinternet"}}, {"model": "auth.permission", "pk": 36, "fields": {"name": "Can view Link de Internet", "content_type": 9, "codename": "view_linkdeinternet"}}, {"model": "auth.permission", "pk": 37, "fields": {"name": "Can add Computador", "content_type": 10, "codename": "add_computador"}}, {"model": "auth.permission", "pk": 38, "fields": {"name": "Can change Computador", "content_type": 10, "codename": "change_computador"}}, {"model": "auth.permission", "pk": 39, "fields": {"name": "Can delete Computador", "content_type": 10, "codename": "delete_computador"}}, {"model": "auth.permission", "pk": 40, "fields": {"name": "Can view Computador", "content_type": 10, "codename": "view_computador"}}, {"model": "auth.permission", "pk": 41, "fields": {"name": "Can add status de baixa", "content_type": 11, "codename": "add_statusdebaixa"}}, {"model": "auth.permission", "pk": 42, "fields": {"name": "Can change status de baixa", "content_type": 11, "codename": "change_statusdebaixa"}}, {"model": "auth.permission", "pk": 43, "fields": {"name": "Can delete status de baixa", "content_type": 11, "codename": "delete_statusdebaixa"}}, {"model": "auth.permission", "pk": 44, "fields": {"name": "Can view status de baixa", "content_type": 11, "codename": "view_statusdebaixa"}}, {"model": "auth.permission", "pk": 45, "fields": {"name": "Can add Relatório de Atendimento Técnico", "content_type": 12, "codename": "add_ratpadrao"}}, {"model": "auth.permission", "pk": 46, "fields": {"name": "Can change Relatório de Atendimento Técnico", "content_type": 12, "codename": "change_ratpadrao"}}, {"model": "auth.permission", "pk": 47, "fields": {"name": "Can delete Relatório de Atendimento Técnico", "content_type": 12, "codename": "delete_ratpadrao"}}, {"model": "auth.permission", "pk": 48, "fields": {"name": "Can view Relatório de Atendimento Técnico", "content_type": 12, "codename": "view_ratpadrao"}}, {"model": "auth.permission", "pk": 49, "fields": {"name": "Can add Relatório de Laboratório", "content_type": 13, "codename": "add_ratlaboratorio"}}, {"model": "auth.permission", "pk": 50, "fields": {"name": "Can change Relatório de Laboratório", "content_type": 13, "codename": "change_ratlaboratorio"}}, {"model": "auth.permission", "pk": 51, "fields": {"name": "Can delete Relatório de Laboratório", "content_type": 13, "codename": "delete_ratlaboratorio"}}, {"model": "auth.permission", "pk": 52, "fields": {"name": "Can view Relatório de Laboratório", "content_type": 13, "codename": "view_ratlaboratorio"}}, {"model": "auth.permission", "pk": 53, "fields": {"name": "Can add log entry", "content_type": 14, "codename": "add_logentry"}}, {"model": "auth.permission", "pk": 54, "fields": {"name": "Can change log entry", "content_type": 14, "codename": "change_logentry"}}, {"model": "auth.permission", "pk": 55, "fields": {"name": "Can delete log entry", "content_type": 14, "codename": "delete_logentry"}}, {"model": "auth.permission", "pk": 56, "fields": {"name": "Can view log entry", "content_type": 14, "codename": "view_logentry"}}, {"model": "auth.permission", "pk": 57, "fields": {"name": "Can add permission", "content_type": 15, "codename": "add_permission"}}, {"model": "auth.permission", "pk": 58, "fields": {"name": "Can change permission", "content_type": 15, "codename": "change_permission"}}, {"model": "auth.permission", "pk": 59, "fields": {"name": "Can delete permission", "content_type": 15, "codename": "delete_permission"}}, {"model": "auth.permission", "pk": 60, "fields": {"name": "Can view permission", "content_type": 15, "codename": "view_permission"}}, {"model": "auth.permission", "pk": 61, "fields": {"name": "Can add group", "content_type": 16, "codename": "add_group"}}, {"model": "auth.permission", "pk": 62, "fields": {"name": "Can change group", "content_type": 16, "codename": "change_group"}}, {"model": "auth.permission", "pk": 63, "fields": {"name": "Can delete group", "content_type": 16, "codename": "delete_group"}}, {"model": "auth.permission", "pk": 64, "fields": {"name": "Can view group", "content_type": 16, "codename": "view_group"}}, {"model": "auth.permission", "pk": 65, "fields": {"name": "Can add user", "content_type": 17, "codename": "add_user"}}, {"model": "auth.permission", "pk": 66, "fields": {"name": "Can change user", "content_type": 17, "codename": "change_user"}}, {"model": "auth.permission", "pk": 67, "fields": {"name": "Can delete user", "content_type": 17, "codename": "delete_user"}}, {"model": "auth.permission", "pk": 68, "fields": {"name": "Can view user", "content_type": 17, "codename": "view_user"}}, {"model": "auth.permission", "pk": 69, "fields": {"name": "Can add content type", "content_type": 18, "codename": "add_contenttype"}}, {"model": "auth.permission", "pk": 70, "fields": {"name": "Can change content type", "content_type": 18, "codename": "change_contenttype"}}, {"model": "auth.permission", "pk": 71, "fields": {"name": "Can delete content type", "content_type": 18, "codename": "delete_contenttype"}}, {"model": "auth.permission", "pk": 72, "fields": {"name": "Can view content type", "content_type": 18, "codename": "view_contenttype"}}, {"model": "auth.permission", "pk": 73, "fields": {"name": "Can add session", "content_type": 19, "codename": "add_session"}}, {"model": "auth.permission", "pk": 74, "fields": {"name": "Can change session", "content_type": 19, "codename": "change_session"}}, {"model": "auth.permission", "pk": 75, "fields": {"name": "Can delete session", "content_type": 19, "codename": "delete_session"}}, {"model": "auth.permission", "pk": 76, "fields": {"name": "Can view session", "content_type": 19, "codename": "view_session"}}, {"model": "auth.group", "pk": 1, "fields": {"name": "tecnicos", "permissions": [37, 40, 1, 4, 5, 33, 9, 29, 30, 31, 32, 49, 50, 51, 52, 45, 46, 47, 48, 13, 14, 15, 16, 41, 42, 43, 44, 17, 21, 25]}}, {"model": "auth.group", "pk": 2, "fields": {"name": "gestores", "permissions": [53, 54, 55, 56, 65, 66, 68, 69, 70, 71, 72, 40, 1, 2, 3, 4, 5, 6, 7, 8, 33, 34, 35, 36, 9, 10, 11, 12, 29, 30, 31, 32, 49, 50, 51, 52, 48, 16, 44, 17, 18, 19, 20, 21, 22, 23, 24, 25, 26, 27, 28]}}, {"model": "auth.user", "pk": 1, "fields": {"password": "pbkdf2_sha256$260000$vSItZMSwPgEtRq4XCqTthK$0W4qqE3oFFsWVuMFGbSE0Y+9rw8zXYyma3ahlVN0Dv8=", "last_login": "2021-08-10T02:16:21.300Z", "is_superuser": true, "username": "admin", "first_name": "", "last_name": "", "email": "maicon.oliveira@netcenter.com.br", "is_staff": true, "is_active": true, "date_joined": "2021-07-25T20:30:32.909Z", "groups": [], "user_permissions": []}}, {"model": "auth.user", "pk": 2, "fields": {"password": "pbkdf2_sha256$260000$wmELo5cm2kxxzR0EtAYO5L$Yqsl2IpJ0cWizUMOuCD9WRZc1osJl4oB+eqZQOWglCw=", "last_login": null, "is_superuser": false, "username": "isaac.barros", "first_name": "Isaac", "last_name": "Barros", "email": "isaac.barros@netcenter.com.br", "is_staff": true, "is_active": true, "date_joined": "2021-07-26T00:09:35Z", "groups": [2], "user_permissions": []}}, {"model": "auth.user", "pk": 3, "fields": {"password": "pbkdf2_sha256$260000$JhVaGkdy9PnYvZw5oYX6MX$rSdD7mFL70ZUMIyOPinGOWbt1UMIWx+bTjVaaTdeVWk=", "last_login": "2021-07-26T00:12:45.039Z", "is_superuser": false, "username": "barbara.filhagosa", "first_name": "Barbara", "last_name": "Filhagosa", "email": "barbara.filhagosa@netcentr.com.br", "is_staff": true, "is_active": true, "date_joined": "2021-07-26T00:10:06Z", "groups": [1], "user_permissions": []}}, {"model": "contenttypes.contenttype", "pk": 1, "fields": {"app_label": "reports", "model": "escola"}}, {"model": "contenttypes.contenttype", "pk": 2, "fields": {"app_label": "reports", "model": "fornecedordeinternet"}}, {"model": "contenttypes.contenttype", "pk": 3, "fields": {"app_label": "reports", "model": "localdeatendimento"}}, {"model": "contenttypes.contenttype", "pk": 4, "fields": {"app_label": "reports", "model": "relatorio"}}, {"model": "contenttypes.contenttype", "pk": 5, "fields": {"app_label": "reports", "model": "tipodecomputador"}}, {"model": "contenttypes.contenttype", "pk": 6, "fields": {"app_label": "reports", "model": "tipodelaboratorio"}}, {"model": "contenttypes.contenttype", "pk": 7, "fields": {"app_label": "reports", "model": "tipodeproblema"}}, {"model": "contenttypes.contenttype", "pk": 8, "fields": {"app_label": "reports", "model": "parecertecnico"}}, {"model": "contenttypes.contenttype", "pk": 9, "fields": {"app_label": "reports", "model": "linkdeinternet"}}, {"model": "contenttypes.contenttype", "pk": 10, "fields": {"app_label": "reports", "model": "computador"}}, {"model": "contenttypes.contenttype", "pk": 11, "fields": {"app_label": "reports", "model": "statusdebaixa"}}, {"model": "contenttypes.contenttype", "pk": 12, "fields": {"app_label": "reports", "model": "ratpadrao"}}, {"model": "contenttypes.contenttype", "pk": 13, "fields": {"app_label": "reports", "model": "ratlaboratorio"}}, {"model": "contenttypes.contenttype", "pk": 14, "fields": {"app_label": "admin", "model": "logentry"}}, {"model": "contenttypes.contenttype", "pk": 15, "fields": {"app_label": "auth", "model": "permission"}}, {"model": "contenttypes.contenttype", "pk": 16, "fields": {"app_label": "auth", "model": "group"}}, {"model": "contenttypes.contenttype", "pk": 17, "fields": {"app_label": "auth", "model": "user"}}, {"model": "contenttypes.contenttype", "pk": 18, "fields": {"app_label": "contenttypes", "model": "contenttype"}}, {"model": "contenttypes.contenttype", "pk": 19, "fields": {"app_label": "sessions", "model": "session"}}, {"model": "sessions.session", "pk": "dlmfnq5f803ypap8db6ystt1qipwytij", "fields": {"session_data": ".eJxVjDsOwjAQBe_iGlls_Kek5wzWrtfBAWRLcVIh7k4ipYB2Zt57i4jrUuLa8xwnFhcB4vTLCNMz113wA-u9ydTqMk8k90Qetstb4_y6Hu3fQcFetnUCjzDmAM468EDKOtI0wKgSOQJlglXInLSxKXjeyKANknfM55A9i88X11A31Q:1m7zO2:AvZn3cu34aiKGQUFstSijQYP5e4mnI7QNyeBA6loXVg", "expire_date": "2021-08-09T12:07:10.753Z"}}, {"model": "sessions.session", "pk": "r44wi7l6regwbup2h6x5u8eufwyh4ko4", "fields": {"session_data": ".eJxVjDsOwjAQBe_iGlls_Kek5wzWrtfBAWRLcVIh7k4ipYB2Zt57i4jrUuLa8xwnFhcB4vTLCNMz113wA-u9ydTqMk8k90Qetstb4_y6Hu3fQcFetnUCjzDmAM468EDKOtI0wKgSOQJlglXInLSxKXjeyKANknfM55A9i88X11A31Q:1mDHJV:Id6AdyG3BJ74LxfLIgmOE9woxPxYjHfsPgeil3kXU44", "expire_date": "2021-08-24T02:16:21.313Z"}}, {"model": "sessions.session", "pk": "uww4mfxfy7ms8kt4v9cv7i5glmf3ib85", "fields": {"session_data": ".eJxVjDsOwjAQBe_iGlls_Kek5wzWrtfBAWRLcVIh7k4ipYB2Zt57i4jrUuLa8xwnFhcB4vTLCNMz113wA-u9ydTqMk8k90Qetstb4_y6Hu3fQcFetnUCjzDmAM468EDKOtI0wKgSOQJlglXInLSxKXjeyKANknfM55A9i88X11A31Q:1mCTZL:Rhr2q3B4hsjn1bP_9dnikGNvFkNdq2bHrnv48XhAqnU", "expire_date": "2021-08-21T21:09:23.669Z"}}, {"model": "reports.localdeatendimento", "pk": 1, "fields": {"descricao": "Secretaria"}}, {"model": "reports.localdeatendimento", "pk": 2, "fields": {"descricao": "Coordenação"}}, {"model": "reports.localdeatendimento", "pk": 3, "fields": {"descricao": "Depósito"}}, {"model": "reports.localdeatendimento", "pk": 4, "fields": {"descricao": "Direção"}}, {"model": "reports.localdeatendimento", "pk": 5, "fields": {"descricao": "Laboratório de Informática"}}, {"model": "reports.localdeatendimento", "pk": 6, "fields": {"descricao": "Sala de Aula"}}, {"model": "reports.localdeatendimento", "pk": 7, "fields": {"descricao": "Sala de Leitura"}}, {"model": "reports.localdeatendimento", "pk": 8, "fields": {"descricao": "Sala dos Professores"}}, {"model": "reports.tipodeproblema", "pk": 1, "fields": {"descricao": "Rede"}}, {"model": "reports.tipodeproblema", "pk": 2, "fields": {"descricao": "Internet"}}, {"model": "reports.tipodeproblema", "pk": 3, "fields": {"descricao": "Software"}}, {"model": "reports.tipodeproblema", "pk": 4, "fields": {"descricao": "Hardware"}}, {"model": "reports.tipodeproblema", "pk": 5, "fields": {"descricao": "Outros"}}, {"model": "reports.tipodecomputador", "pk": 1, "fields": {"descricao": "Desktop"}}, {"model": "reports.tipodecomputador", "pk": 2, "fields": {"descricao": "Notebook"}}, {"model": "reports.tipodecomputador", "pk": 3, "fields": {"descricao": "Mini-Desktop"}}, {"model": "reports.tipodecomputador", "pk": 4, "fields": {"descricao": "Netbook"}}, {"model": "reports.tipodelaboratorio", "pk": 1, "fields": {"descricao": "Comum"}}, {"model": "reports.tipodelaboratorio", "pk": 2, "fields": {"descricao": "Notebook"}}, {"model": "reports.tipodelaboratorio", "pk": 3, "fields": {"descricao": "Pro"}}, {"model": "reports.tipodelaboratorio", "pk": 4, "fields": {"descricao": "ProInfo Rural"}}, {"model": "reports.tipodelaboratorio", "pk": 5, "fields": {"descricao": "ProInfo Urbano"}}, {"model": "reports.escola", "pk": "10.00.001", "fields": {"nome": "Abrigo no Antigo SESI / SENAI", "endereco": " ", "bairro": "", "cep": "", "telefones": "", "email": "", "ativo": true, "data_criacao": "2021-08-12T01:45:06.432Z", "data_edicao": "2021-08-12T01:45:06.501Z", "locais": []}}, {"model": "reports.escola", "pk": "10.19.001", "fields": {"nome": "EM Professor Coqueiro", "endereco": " ", "bairro": "", "cep": "", "telefones": "", "email": "", "ativo": true, "data_criacao": "2021-08-12T01:45:06.432Z", "data_edicao": "2021-08-12T01:45:06.501Z", "locais": []}}, {"model": "reports.escola", "pk": "10.19.005", "fields": {"nome": "EM República Árabe Da Síria", "endereco": " ", "bairro": "", "cep": "", "telefones": "", "email": "", "ativo": true, "data_criacao": "2021-08-12T01:45:06.432Z", "data_edicao": "2021-08-12T01:45:06.501Z", "locais": []}}, {"model": "reports.escola", "pk": "10.19.007", "fields": {"nome": "EM André Vidal De Negreiros", "endereco": " ", "bairro": "", "cep": "", "telefones": "", "email": "", "ativo": true, "data_criacao": "2021-08-12T01:45:06.432Z", "data_edicao": "2021-08-12T01:45:06.501Z", "locais": []}}, {"model": "reports.escola", "pk": "10.19.014", "fields": {"nome": "EM Coronel Berthier", "endereco": " ", "bairro": "", "cep": "", "telefones": "", "email": "", "ativo": true, "data_criacao": "2021-08-12T01:45:06.432Z", "data_edicao": "2021-08-12T01:45:06.501Z", "locais": []}}, {"model": "reports.escola", "pk": "10.19.015", "fields": {"nome": "EM Princesa Isabel", "endereco": " ", "bairro": "", "cep": "", "telefones": "", "email": "", "ativo": true, "data_criacao": "2021-08-12T01:45:06.432Z", "data_edicao": "2021-08-12T01:45:06.501Z", "locais": []}}, {"model": "reports.escola", "pk": "10.19.017", "fields": {"nome": "EM Otelo De Souza Reis", "endereco": " ", "bairro": "", "cep": "", "telefones": "", "email": "", "ativo": true, "data_criacao": "2021-08-12T01:45:06.432Z", "data_edicao": "2021-08-12T01:45:06.501Z", "locais": []}}, {"model": "reports.escola", "pk": "10.19.018", "fields": {"nome": "EM Haydea Vianna Fiuza De Castro", "endereco": " ", "bairro": "", "cep": "", "telefones": "", "email": "", "ativo": true, "data_criacao": "2021-08-12T01:45:06.432Z", "data_edicao": "2021-08-12T01:45:06.501Z", "locais": []}}, {"model": "reports.escola", "pk": "10.19.019", "fields": {"nome": "EM Fernando De Azevedo", "endereco": " ", "bairro": "", "cep": "", "telefones": "", "email": "", "ativo": true, "data_criacao": "2021-08-12T01:45:06.432Z", "data_edicao": "2021-08-12T01:45:06.501Z", "locais": []}}, {"model": "reports.escola", "pk": "10.19.021", "fields": {"nome": "EM Professora Silvia de Araújo Toledo", "endereco": " ", "bairro": "", "cep": "", "telefones": "", "email": "", "ativo": true, "data_criacao": "2021-08-12T01:45:06.432Z", "data_edicao": "2021-08-12T01:45:06.501Z", "locais": []}}, {"model": "reports.escola", "pk": "10.19.030", "fields": {"nome": "EM Professora Maria Helena Alves Portilho", "endereco": " ", "bairro": "", "cep": "", "telefones": "", "email": "", "ativo": true, "data_criacao": "2021-08-12T01:45:06.432Z", "data_edicao": "2021-08-12T01:45:06.501Z", "locais": []}}, {"model": "reports.escola", "pk": "10.19.032", "fields": {"nome": "EM Miguel Calmon", "endereco": " ", "bairro": "", "cep": "", "telefones": "", "email": "", "ativo": true, "data_criacao": "2021-08-12T01:45:06.432Z", "data_edicao": "2021-08-12T01:45:06.501Z", "locais": []}}, {"model": "reports.escola", "pk": "10.19.033", "fields": {"nome": "EM Espanha", "endereco": " ", "bairro": "", "cep": "", "telefones": "", "email": "", "ativo": true, "data_criacao": "2021-08-12T01:45:06.432Z", "data_edicao": "2021-08-12T01:45:06.501Z", "locais": []}}, {"model": "reports.escola", "pk": "10.19.034", "fields": {"nome": "EM Ribeiro Couto", "endereco": " ", "bairro": "", "cep": "", "telefones": "", "email": "", "ativo": true, "data_criacao": "2021-08-12T01:45:06.432Z", "data_edicao": "2021-08-12T01:45:06.501Z", "locais": []}}, {"model": "reports.escola", "pk": "10.19.037", "fields": {"nome": "EM Francisco Caldeira De Alvarenga", "endereco": " ", "bairro": "", "cep": "", "telefones": "", "email": "", "ativo": true, "data_criacao": "2021-08-12T01:45:06.432Z", "data_edicao": "2021-08-12T01:45:06.501Z", "locais": [6, 7, 8]}}, {"model": "reports.escola", "pk": "10.19.038", "fields": {"nome": "EM Pedro Mota Lima", "endereco": " ", "bairro": "", "cep": "", "telefones": "", "email": "", "ativo": true, "data_criacao": "2021-08-12T01:45:06.432Z", "data_edicao": "2021-08-12T01:45:06.501Z", "locais": []}}, {"model": "reports.escola", "pk": "10.19.039", "fields": {"nome": "EM Professora Leila Mehl Menezes De Mattos", "endereco": " ", "bairro": "", "cep": "", "telefones": "", "email": "", "ativo": true, "data_criacao": "2021-08-12T01:45:06.432Z", "data_edicao": "2021-08-12T01:45:06.501Z", "locais": []}}, {"model": "reports.escola", "pk": "10.19.041", "fields": {"nome": "EM Lourdes de Lima Rocha", "endereco": " ", "bairro": "", "cep": "", "telefones": "", "email": "", "ativo": true, "data_criacao": "2021-08-12T01:45:06.432Z", "data_edicao": "2021-08-12T01:45:06.501Z", "locais": []}}, {"model": "reports.escola", "pk": "10.19.043", "fields": {"nome": "EM Professora Flávia Dos Santos Soares", "endereco": " ", "bairro": "", "cep": "", "telefones": "", "email": "", "ativo": true, "data_criacao": "2021-08-12T01:45:06.432Z", "data_edicao": "2021-08-12T01:45:06.501Z", "locais": []}}, {"model": "reports.escola", "pk": "10.19.045", "fields": {"nome": "EM Ponte dos Jesuítas", "endereco": " ", "bairro": "", "cep": "", "telefones": "", "email": "", "ativo": true, "data_criacao": "2021-08-12T01:45:06.432Z", "data_edicao": "2021-08-12T01:45:06.501Z", "locais": []}}, {"model": "reports.escola", "pk": "10.19.047", "fields": {"nome": "EM Joaquim Da Silva Gomes", "endereco": " ", "bairro": "", "cep": "", "telefones": "", "email": "", "ativo": true, "data_criacao": "2021-08-12T01:45:06.432Z", "data_edicao": "2021-08-12T01:45:06.501Z", "locais": []}}, {"model": "reports.escola", "pk": "10.19.053", "fields": {"nome": "EM Emiliano Galdino", "endereco": " ", "bairro": "", "cep": "", "telefones": "", "email": "", "ativo": true, "data_criacao": "2021-08-12T01:45:06.432Z", "data_edicao": "2021-08-12T01:45:06.501Z", "locais": []}}, {"model": "reports.escola", "pk": "10.19.057", "fields": {"nome": "EM Professora Dione Freitas Felisberto De CarvalhoProfessora Dione", "endereco": " ", "bairro": "", "cep": "", "telefones": "", "email": "", "ativo": true, "data_criacao": "2021-08-12T01:45:06.432Z", "data_edicao": "2021-08-12T01:45:06.501Z", "locais": []}}, {"model": "reports.escola", "pk": "10.19.060", "fields": {"nome": "EM Manoel Porto Filho", "endereco": " ", "bairro": "", "cep": "", "telefones": "", "email": "", "ativo": true, "data_criacao": "2021-08-12T01:45:06.432Z", "data_edicao": "2021-08-12T01:45:06.501Z", "locais": []}}, {"model": "reports.escola", "pk": "10.19.072", "fields": {"nome": "EM Maria De Jesus Oliveira", "endereco": " ", "bairro": "", "cep": "", "telefones": "", "email": "", "ativo": true, "data_criacao": "2021-08-12T01:45:06.432Z", "data_edicao": "2021-08-12T01:45:06.501Z", "locais": []}}, {"model": "reports.escola", "pk": "10.19.073", "fields": {"nome": "EM Professor Francisco José Antônio", "endereco": " ", "bairro": "", "cep": "", "telefones": "", "email": "", "ativo": true, "data_criacao": "2021-08-12T01:45:06.432Z", "data_edicao": "2021-08-12T01:45:06.501Z", "locais": []}}, {"model": "reports.escola", "pk": "10.19.074", "fields": {"nome": "EM Ricardo Bentrani", "endereco": " ", "bairro": "", "cep": "", "telefones": "", "email": "", "ativo": true, "data_criacao": "2021-08-12T01:45:06.432Z", "data_edicao": "2021-08-12T01:45:06.501Z", "locais": []}}, {"model": "reports.escola", "pk": "10.19.075", "fields": {"nome": "EM Roberto Civita", "endereco": " ", "bairro": "", "cep": "", "telefones": "", "email": "", "ativo": true, "data_criacao": "2021-08-12T01:45:06.432Z", "data_edicao": "2021-08-12T01:45:06.501Z", "locais": []}}, {"model": "reports.escola", "pk": "10.19.084", "fields": {"nome": "EM Medalhista Olímpico Robson Donato Conceição", "endereco": " ", "bairro": "", "cep": "", "telefones": "", "email": "", "ativo": true, "data_criacao": "2021-08-12T01:45:06.432Z", "data_edicao": "2021-08-12T01:45:06.501Z", "locais": []}}, {"model": "reports.escola", "pk": "10.19.092", "fields": {"nome": "EM Vera Lúcia Chaves da Costa", "endereco": " ", "bairro": "", "cep": "", "telefones": "", "email": "", "ativo": true, "data_criacao": "2021-08-12T01:45:06.432Z", "data_edicao": "2021-08-12T01:45:06.501Z", "locais": []}}, {"model": "reports.escola", "pk": "10.19.209", "fields": {"nome": "CIEP Papa João XXIII", "endereco": " ", "bairro": "", "cep": "", "telefones": "", "email": "", "ativo": true, "data_criacao": "2021-08-12T01:45:06.432Z", "data_edicao": "2021-08-12T01:45:06.501Z", "locais": []}}, {"model": "reports.escola", "pk": "10.19.211", "fields": {"nome": "CIEP Major Manuel Gomes Archer", "endereco": " ", "bairro": "", "cep": "", "telefones": "", "email": "", "ativo": true, "data_criacao": "2021-08-12T01:45:06.432Z", "data_edicao": "2021-08-12T01:45:06.501Z", "locais": []}}, {"model": "reports.escola", "pk": "10.19.603", "fields": {"nome": "CM Jardim Dos Vieiras", "endereco": " ", "bairro": "", "cep": "", "telefones": "", "email": "", "ativo": true, "data_criacao": "2021-08-12T01:45:06.432Z", "data_edicao": "2021-08-12T01:45:06.501Z", "locais": []}}, {"model": "reports.escola", "pk": "10.19.606", "fields": {"nome": "CM Trinta E Um De Outubro", "endereco": " ", "bairro": "", "cep": "", "telefones": "", "email": "", "ativo": true, "data_criacao": "2021-08-12T01:45:06.432Z", "data_edicao": "2021-08-12T01:45:06.501Z", "locais": []}}, {"model": "reports.escola", "pk": "10.19.802", "fields": {"nome": "EDI Larissa Dos Santos Atanazo", "endereco": " ", "bairro": "", "cep": "", "telefones": "", "email": "", "ativo": true, "data_criacao": "2021-08-12T01:45:06.432Z", "data_edicao": "2021-08-12T01:45:06.501Z", "locais": []}}, {"model": "reports.escola", "pk": "10.19.806", "fields": {"nome": "EDI Professor Rubem Gonçalves", "endereco": " ", "bairro": "", "cep": "", "telefones": "", "email": "", "ativo": true, "data_criacao": "2021-08-12T01:45:06.432Z", "data_edicao": "2021-08-12T01:45:06.501Z", "locais": []}}, {"model": "reports.escola", "pk": "10.19.807", "fields": {"nome": "EDI Professor Antônio Alfredo Mercadante", "endereco": " ", "bairro": "", "cep": "", "telefones": "", "email": "", "ativo": true, "data_criacao": "2021-08-12T01:45:06.432Z", "data_edicao": "2021-08-12T01:45:06.501Z", "locais": []}}, {"model": "reports.escola", "pk": "10.19.815", "fields": {"nome": "EDI João Correa", "endereco": " ", "bairro": "", "cep": "", "telefones": "", "email": "", "ativo": true, "data_criacao": "2021-08-12T01:45:06.432Z", "data_edicao": "2021-08-12T01:45:06.501Z", "locais": []}}, {"model": "reports.escola", "pk": "10.19.828", "fields": {"nome": "EDI Medalhista Olímpico Erlon De Souza Silva", "endereco": " ", "bairro": "", "cep": "", "telefones": "", "email": "", "ativo": true, "data_criacao": "2021-08-12T01:45:06.432Z", "data_edicao": "2021-08-12T01:45:06.501Z", "locais": []}}, {"model": "reports.escola", "pk": "10.26.006", "fields": {"nome": "EM Euclides da Cunha", "endereco": " ", "bairro": "", "cep": "", "telefones": "", "email": "", "ativo": true, "data_criacao": "2021-08-12T01:45:06.432Z", "data_edicao": "2021-08-12T01:45:06.501Z", "locais": []}}, {"model": "reports.escola", "pk": "10.26.016", "fields": {"nome": "EM Deborah Mendes De Moraes", "endereco": " ", "bairro": "", "cep": "", "telefones": "", "email": "", "ativo": true, "data_criacao": "2021-08-12T01:45:06.432Z", "data_edicao": "2021-08-12T01:45:06.501Z", "locais": []}}, {"model": "reports.escola", "pk": "10.26.017", "fields": {"nome": "EM Giuseppe Melchiori - Padre José", "endereco": " ", "bairro": "", "cep": "", "telefones": "", "email": "", "ativo": true, "data_criacao": "2021-08-12T01:45:06.432Z", "data_edicao": "2021-08-12T01:45:06.501Z", "locais": []}}, {"model": "reports.escola", "pk": "10.26.021", "fields": {"nome": "EM Professora Myrthes Wenzel", "endereco": " ", "bairro": "", "cep": "", "telefones": "", "email": "", "ativo": true, "data_criacao": "2021-08-12T01:45:06.432Z", "data_edicao": "2021-08-12T01:45:06.501Z", "locais": []}}, {"model": "reports.escola", "pk": "10.26.024", "fields": {"nome": "EM Tatiana Chagas Memória", "endereco": " ", "bairro": "", "cep": "", "telefones": "", "email": "", "ativo": true, "data_criacao": "2021-08-12T01:45:06.432Z", "data_edicao": "2021-08-12T01:45:06.501Z", "locais": []}}, {"model": "reports.fornecedordeinternet", "pk": 1, "fields": {"nome": "Oi", "telefone": "0800", "link_chamado": "www", "ativo": true, "data_criacao": "2021-08-12T01:45:06.601Z", "data_edicao": "2021-08-12T01:45:06.631Z"}}, {"model": "reports.fornecedordeinternet", "pk": 2, "fields": {"nome": "Embratel", "telefone": "0800", "link_chamado": "www", "ativo": true, "data_criacao": "2021-08-12T01:45:06.601Z", "data_edicao": "2021-08-12T01:45:06.631Z"}}, {"model": "reports.fornecedordeinternet", "pk": 3, "fields": {"nome": "Oi MEC", "telefone": "0800", "link_chamado": "www", "ativo": true, "data_criacao": "2021-08-12T01:45:06.601Z", "data_edicao": "2021-08-12T01:45:06.631Z"}}, {"model": "reports.relatorio", "pk": 67, "fields": {"escola": "10.19.015", "chamados": "1664151", "tecnico": 1, "data_criacao": "2021-06-16T06:00:00Z", "data_edicao": "2021-07-25T22:17:57.364Z", "locais": [5]}}, {"model": "reports.relatorio", "pk": 68, "fields": {"escola": "10.19.015", "chamados": "1665468", "tecnico": 1, "data_criacao": "2021-06-16T06:00:00Z", "data_edicao": "2021-07-25T22:17:57.524Z", "locais": [5]}}, {"model": "reports.relatorio", "pk": 69, "fields": {"escola": "10.19.019", "chamados": "1664976", "tecnico": 1, "data_criacao": "2021-06-16T06:00:00Z", "data_edicao": "2021-07-25T22:17:57.656Z", "locais": [4]}}, {"model": "reports.relatorio", "pk": 70, "fields": {"escola": "10.19.007", "chamados": "1657408", "tecnico": 1, "data_criacao": "2021-06-17T06:00:00Z", "data_edicao": "2021-07-25T22:17:57.876Z", "locais": [5]}}, {"model": "reports.relatorio", "pk": 71, "fields": {"escola": "10.19.017", "chamados": "['1662617', '1662616']", "tecnico": 1, "data_criacao": "2021-06-17T06:00:00Z", "data_edicao": "2021-07-25T22:17:58.117Z", "locais": [3, 4, 8]}}, {"model": "reports.relatorio", "pk": 72, "fields": {"escola": "10.19.072", "chamados": "['1661537', '1665952']", "tecnico": 1, "data_criacao": "2021-06-18T06:00:00Z", "data_edicao": "2021-07-25T22:17:58.301Z", "locais": [4]}}, {"model": "reports.relatorio", "pk": 73, "fields": {"escola": "10.19.053", "chamados": "1665225", "tecnico": 1, "data_criacao": "2021-06-18T06:00:00Z", "data_edicao": "2021-07-25T22:17:58.479Z", "locais": [4]}}, {"model": "reports.relatorio", "pk": 74, "fields": {"escola": "10.19.033", "chamados": "1664651", "tecnico": 1, "data_criacao": "2021-06-18T06:00:00Z", "data_edicao": "2021-07-25T22:17:58.635Z", "locais": [4]}}, {"model": "reports.relatorio", "pk": 75, "fields": {"escola": "10.19.815", "chamados": "1664184", "tecnico": 1, "data_criacao": "2021-06-18T06:00:00Z", "data_edicao": "2021-07-25T22:17:58.804Z", "locais": [4]}}, {"model": "reports.relatorio", "pk": 76, "fields": {"escola": "10.19.034", "chamados": "1661517", "tecnico": 1, "data_criacao": "2021-06-21T06:00:00Z", "data_edicao": "2021-07-25T22:17:58.976Z", "locais": [4]}}, {"model": "reports.relatorio", "pk": 77, "fields": {"escola": "10.19.032", "chamados": "1666085", "tecnico": 1, "data_criacao": "2021-06-21T06:00:00Z", "data_edicao": "2021-07-25T22:17:59.142Z", "locais": [4]}}, {"model": "reports.relatorio", "pk": 78, "fields": {"escola": "10.26.024", "chamados": "['1666565', '1666564', '1666563', '1666562', '1654555']", "tecnico": 1, "data_criacao": "2021-06-22T06:00:00Z", "data_edicao": "2021-07-25T22:17:59.399Z", "locais": [1, 4, 5, 8]}}, {"model": "reports.relatorio", "pk": 79, "fields": {"escola": "10.26.017", "chamados": "1666328", "tecnico": 1, "data_criacao": "2021-06-22T06:00:00Z", "data_edicao": "2021-07-25T22:17:59.579Z", "locais": [4]}}, {"model": "reports.relatorio", "pk": 80, "fields": {"escola": "10.19.005", "chamados": "1666287", "tecnico": 1, "data_criacao": "2021-06-23T06:00:00Z", "data_edicao": "2021-07-25T22:17:59.741Z", "locais": [4]}}, {"model": "reports.relatorio", "pk": 81, "fields": {"escola": "10.19.074", "chamados": "1656345", "tecnico": 1, "data_criacao": "2021-06-24T06:00:00Z", "data_edicao": "2021-07-25T22:17:59.916Z", "locais": [4]}}, {"model": "reports.relatorio", "pk": 82, "fields": {"escola": "10.19.807", "chamados": "1666334", "tecnico": 1, "data_criacao": "2021-06-24T06:00:00Z", "data_edicao": "2021-07-25T22:18:00.085Z", "locais": [4]}}, {"model": "reports.relatorio", "pk": 83, "fields": {"escola": "10.19.038", "chamados": "1666289", "tecnico": 1, "data_criacao": "2021-06-25T06:00:00Z", "data_edicao": "2021-07-25T22:18:00.294Z", "locais": [4, 7]}}, {"model": "reports.relatorio", "pk": 84, "fields": {"escola": "10.19.815", "chamados": "1667516", "tecnico": 1, "data_criacao": "2021-06-25T06:00:00Z", "data_edicao": "2021-07-25T22:18:00.458Z", "locais": [4]}}, {"model": "reports.relatorio", "pk": 85, "fields": {"escola": "10.19.043", "chamados": "1666978", "tecnico": 1, "data_criacao": "2021-06-25T06:00:00Z", "data_edicao": "2021-07-25T22:18:00.642Z", "locais": [4]}}, {"model": "reports.relatorio", "pk": 86, "fields": {"escola": "10.19.005", "chamados": "1667824", "tecnico": 1, "data_criacao": "2021-06-28T20:22:10.171Z", "data_edicao": "2021-07-25T22:18:00.843Z", "locais": [4, 5]}}, {"model": "reports.relatorio", "pk": 87, "fields": {"escola": "10.19.001", "chamados": "165542", "tecnico": 1, "data_criacao": "2021-06-28T20:48:52.834Z", "data_edicao": "2021-07-25T22:18:01.007Z", "locais": [1]}}, {"model": "reports.relatorio", "pk": 88, "fields": {"escola": "10.19.828", "chamados": "1668399", "tecnico": 1, "data_criacao": "2021-06-29T18:32:51.786Z", "data_edicao": "2021-07-25T22:18:01.188Z", "locais": [4]}}, {"model": "reports.relatorio", "pk": 89, "fields": {"escola": "10.19.084", "chamados": "1668402", "tecnico": 1, "data_criacao": "2021-06-29T21:01:33.819Z", "data_edicao": "2021-07-25T22:18:01.436Z", "locais": [1, 4]}}, {"model": "reports.relatorio", "pk": 90, "fields": {"escola": "10.19.021", "chamados": "000000", "tecnico": 1, "data_criacao": "2021-06-30T00:27:44.372Z", "data_edicao": "2021-07-25T22:18:01.660Z", "locais": [5]}}, {"model": "reports.relatorio", "pk": 91, "fields": {"escola": "10.19.018", "chamados": "1668401", "tecnico": 1, "data_criacao": "2021-06-30T01:11:43.009Z", "data_edicao": "2021-07-25T22:18:01.848Z", "locais": [4, 5]}}, {"model": "reports.relatorio", "pk": 92, "fields": {"escola": "10.19.075", "chamados": "00000000", "tecnico": 1, "data_criacao": "2021-06-30T18:23:05.924Z", "data_edicao": "2021-07-25T22:18:02.013Z", "locais": [4]}}, {"model": "reports.relatorio", "pk": 93, "fields": {"escola": "10.19.075", "chamados": "1670559", "tecnico": 1, "data_criacao": "2021-06-30T18:24:37.098Z", "data_edicao": "2021-07-25T22:18:02.172Z", "locais": [4]}}, {"model": "reports.relatorio", "pk": 94, "fields": {"escola": "10.19.045", "chamados": "1668336", "tecnico": 1, "data_criacao": "2021-07-01T00:33:39.898Z", "data_edicao": "2021-07-25T22:18:02.328Z", "locais": [4]}}, {"model": "reports.relatorio", "pk": 95, "fields": {"escola": "10.19.057", "chamados": "1669336", "tecnico": 1, "data_criacao": "2021-07-02T19:36:29.677Z", "data_edicao": "2021-07-25T22:18:02.545Z", "locais": [1, 4]}}, {"model": "reports.relatorio", "pk": 96, "fields": {"escola": "10.19.209", "chamados": "1667877", "tecnico": 1, "data_criacao": "2021-07-02T20:25:03.902Z", "data_edicao": "2021-07-25T22:18:02.722Z", "locais": [1]}}, {"model": "reports.relatorio", "pk": 97, "fields": {"escola": "10.19.030", "chamados": "1669209", "tecnico": 1, "data_criacao": "2021-07-02T22:09:41.390Z", "data_edicao": "2021-07-25T22:18:02.890Z", "locais": [5]}}, {"model": "reports.relatorio", "pk": 98, "fields": {"escola": "10.19.014", "chamados": "1668669", "tecnico": 1, "data_criacao": "2021-07-03T01:35:16.751Z", "data_edicao": "2021-07-25T22:18:03.069Z", "locais": [7]}}, {"model": "reports.relatorio", "pk": 99, "fields": {"escola": "10.26.006", "chamados": "1668763", "tecnico": 1, "data_criacao": "2021-07-06T01:10:43.498Z", "data_edicao": "2021-07-25T22:18:03.252Z", "locais": [4]}}, {"model": "reports.relatorio", "pk": 100, "fields": {"escola": "10.26.017", "chamados": "1668583", "tecnico": 1, "data_criacao": "2021-07-06T02:03:50.399Z", "data_edicao": "2021-07-25T22:18:03.449Z", "locais": [1, 2, 4]}}, {"model": "reports.relatorio", "pk": 101, "fields": {"escola": "10.19.047", "chamados": "1670124", "tecnico": 1, "data_criacao": "2021-07-06T19:11:10.542Z", "data_edicao": "2021-07-25T22:18:03.632Z", "locais": [1, 4]}}, {"model": "reports.relatorio", "pk": 102, "fields": {"escola": "10.19.039", "chamados": "1669025", "tecnico": 1, "data_criacao": "2021-07-06T22:09:58.095Z", "data_edicao": "2021-07-25T22:18:03.852Z", "locais": [1, 4]}}, {"model": "reports.relatorio", "pk": 103, "fields": {"escola": "10.26.021", "chamados": "1670408", "tecnico": 1, "data_criacao": "2021-07-07T23:07:07.854Z", "data_edicao": "2021-07-25T22:18:04.059Z", "locais": [1, 4]}}, {"model": "reports.relatorio", "pk": 104, "fields": {"escola": "10.26.016", "chamados": "1670428", "tecnico": 1, "data_criacao": "2021-07-07T23:46:36.753Z", "data_edicao": "2021-07-25T22:18:04.198Z", "locais": [4]}}, {"model": "reports.relatorio", "pk": 105, "fields": {"escola": "10.19.092", "chamados": "1670366", "tecnico": 1, "data_criacao": "2021-07-08T20:45:09.373Z", "data_edicao": "2021-07-25T22:18:04.401Z", "locais": [1, 4]}}, {"model": "reports.relatorio", "pk": 106, "fields": {"escola": "10.19.041", "chamados": "1662028", "tecnico": 1, "data_criacao": "2021-07-08T22:18:48.345Z", "data_edicao": "2021-07-25T22:18:04.544Z", "locais": [4]}}, {"model": "reports.relatorio", "pk": 107, "fields": {"escola": "10.19.073", "chamados": "1671378", "tecnico": 1, "data_criacao": "2021-07-09T20:42:24.603Z", "data_edicao": "2021-07-25T22:18:04.720Z", "locais": [5]}}, {"model": "reports.relatorio", "pk": 108, "fields": {"escola": "10.19.802", "chamados": "1671082", "tecnico": 1, "data_criacao": "2021-07-09T23:04:55.010Z", "data_edicao": "2021-07-25T22:18:04.907Z", "locais": [4]}}, {"model": "reports.relatorio", "pk": 109, "fields": {"escola": "10.19.606", "chamados": "1671234", "tecnico": 1, "data_criacao": "2021-07-10T00:26:35.768Z", "data_edicao": "2021-07-25T22:18:05.071Z", "locais": [4]}}, {"model": "reports.relatorio", "pk": 110, "fields": {"escola": "10.19.034", "chamados": "1671632; 1671630; 1671626", "tecnico": 1, "data_criacao": "2021-07-13T20:47:46.849Z", "data_edicao": "2021-07-25T22:18:05.292Z", "locais": [1, 4, 5]}}, {"model": "reports.relatorio", "pk": 111, "fields": {"escola": "10.19.603", "chamados": "1672145; 1672144; 1672160; 1672115", "tecnico": 1, "data_criacao": "2021-07-14T00:38:23.040Z", "data_edicao": "2021-07-25T22:18:05.524Z", "locais": [1, 4]}}, {"model": "reports.relatorio", "pk": 112, "fields": {"escola": "10.19.060", "chamados": "1671961", "tecnico": 1, "data_criacao": "2021-07-14T02:08:10.615Z", "data_edicao": "2021-07-25T22:18:05.669Z", "locais": [1]}}, {"model": "reports.relatorio", "pk": 113, "fields": {"escola": "10.19.039", "chamados": "1671449", "tecnico": 1, "data_criacao": "2021-07-15T21:27:41.527Z", "data_edicao": "2021-07-25T22:18:05.921Z", "locais": [4, 6]}}, {"model": "reports.relatorio", "pk": 114, "fields": {"escola": "10.19.806", "chamados": "1672299", "tecnico": 1, "data_criacao": "2021-07-16T00:16:07.221Z", "data_edicao": "2021-07-25T22:18:06.074Z", "locais": [4]}}, {"model": "reports.relatorio", "pk": 115, "fields": {"escola": "10.19.211", "chamados": "1672669", "tecnico": 1, "data_criacao": "2021-07-16T01:48:09.352Z", "data_edicao": "2021-07-25T22:18:06.271Z", "locais": [1]}}, {"model": "reports.relatorio", "pk": 118, "fields": {"escola": "10.19.037", "chamados": "1665897", "tecnico": 1, "data_criacao": "2021-07-25T22:50:25.999Z", "data_edicao": "2021-07-25T22:50:25.999Z", "locais": [3]}}, {"model": "reports.relatorio", "pk": 119, "fields": {"escola": "10.19.211", "chamados": "1665897", "tecnico": 1, "data_criacao": "2021-07-25T22:52:22.020Z", "data_edicao": "2021-07-25T22:52:22.020Z", "locais": [3]}}, {"model": "reports.ratpadrao", "pk": 67, "fields": {"descricao": "Configuração de Modem da Oi", "solucao": "Após visita técnica da operadora a diretoria da unidade solicittou verificação do sinal de internet e configuração da rede interna com o link da Oi e da Embratel simultaneamente para dividir a banda de aceeso. Efetuado teste de velocidade pelo site speedtest ookla aferindo velociadade de download de 8,56 Mbps. O modem da Oi foi conecetado exclusivamente no AP do projeto escola conectada.", "recomendacao": false, "itens_recomendados": "None", "problemas": [1]}}, {"model": "reports.ratpadrao", "pk": 68, "fields": {"descricao": "Rede sem fio da escola conectada não está funcionando, favor verificar.", "solucao": "Verificada a instalação do Access Point Intelbras e o mesmo apresentou defeito, não aceitando configurações de IP local para acessar página de Configurações de Rede Sem Fio. A rede do Access Point foi cabeada de forma inadequada, roteando dois do access points, a saber, um no fim do corredor no andar térreo e outro no corredor de salas de aula no primeiro piso para o link Embratel. O único access point ligado ao link da Oi esta em frente ao laboratório de informática, como ele paresentou defeito foi efetuada troca pelo A.P. no fim do corredor. Constatando a necessidade de efetuar compra de novo access point para substituição. Além disso, a direção da unidade foi orientada a reestruturar a rede de access points, transferindo todos para a sala de informática afim de conectá-los ao modem do link da Oi e para tanto se faz necessária a aquisição de um switch de 8 portas", "recomendacao": true, "itens_recomendados": "['Access Point Intelbras 310 ou 360', 'e um Switch POE de 8 portas']", "problemas": [2]}}, {"model": "reports.ratpadrao", "pk": 69, "fields": {"descricao": "Instalação do site da merenda", "solucao": "Ao chegar na unidade fui informado que o desktop havia sido formatado. Após análise foi constatado que a versão do Windows 7 instalada não corresponde a licença OEM da máquina e por este motivo não foi possível registrar o sistema operacional com as licenças da SME. Realizada a instalação dos drivers de dispositivos do desktop, impressora Brother DCP 1610NW, Microsoft Office 2010, Java 7u80 e Mozilla Firefox 14.0. Instalação e configurações do Web Enabler executadas com sucesso em versão web e local. Realizado teste de velocidade do link da Oi pelo site speedtest ookla, constatando 1,84 Mbps de velocidade.", "recomendacao": false, "itens_recomendados": "None", "problemas": [3]}}, {"model": "reports.ratpadrao", "pk": 70, "fields": {"descricao": "Verificação dos micros do laboratório de informática", "solucao": "Realizada limpesa externa das máquinas, organização dos cabos e disposição dos gabinetes respeitando medidas de afastamento social. Um dois gabinetes apresentou defeito de sistema operacional e precisou de formatação. Existem cinco computadores funcionando e conectados a rede cabeada da Embratel. O Laboratório possui acesso a rede Wi-Fi do Projeto Escola conectada, porém os computadores não possuem hardware de acesso a wi-fi. Havima nove computadores em estado de emprestabilidade, e o laudo consta no parecer técnico em anexo. A direção foi orientada adiquirir 1(um) mouse para um dos micros. \n Foi solicitado a direção o envio de 4 fontes de energia e 7 HD's para a AIT da 10ª CRE aos cuidados de Isabel ou Isaac.", "recomendacao": true, "itens_recomendados": "Mouse USB", "problemas": [3, 4]}}, {"model": "reports.ratpadrao", "pk": 71, "fields": {"descricao": "Analise de equipamentos entigos para descarte ou recuperação", "solucao": "Realizada análise técnica de 14(quatorze) gabinetes, sendo 10(dez) equipamentos antigos que estavam armazenados no depósito e 4(quatro) na sala dos professores. Dos equipamentos antigos apenas 3(três) foram reapróvietados e dos computadores na sala dos professores 3(trẽs) foram reaproveitados, os pentes de memória dos equipamentos com defeito foram utilizados para manutenção e/ou upgrade dos computadores que estavam funcionando. Dois HD's de 80GB foram entregues a direção. Os equipamentos em estado de imprestabilidade foram listados no PArecer Técnico de efetuar baixas. \n A direção da unidade foi orientada sobre a instalação de infraestrutura adequada para atender aos requisitos técnicos do Projeto Escola Conectada, visto que a estrutura do cabeamento para os AP etá distante dos aparelhos da operadora de internet contratada, a saber, Estrelar Web com velocidade aferida de 46,46Mbps. Um AP já está instalado na area de convivência conectado a operadora Oi, os dois aparelhos restantes ainda não foram instalados por conta do incidente de cabeamento mencionado acima.", "recomendacao": false, "itens_recomendados": "None", "problemas": [3, 4]}}, {"model": "reports.ratpadrao", "pk": 72, "fields": {"descricao": "Internet da Oi fora do ar", "solucao": "Ao chegar à unidade foi verificado que o link já foi reestabelecido pela operadora Oi e após teste foi aferida a velocidade de 6,63Mbps. \n A direção da unidade solicitou a instalação da impressora Epson 3150 no computador da diretora adjunt, o mesmo foi instalado e o presente relatório doi impresso com sucesso atestando a execução da solicitação", "recomendacao": false, "itens_recomendados": "None", "problemas": [1, 3]}}, {"model": "reports.ratpadrao", "pk": 73, "fields": {"descricao": "Bom dia, Estamos sem acesso a internet (Wi-fi).", "solucao": "Ao chegar à unidade foi verificado que o link já foi reestabelecido pela operadora Estrelar Web e após teste foi aferida a velocidade de 12,1Mbps, de acordo com a a direção da unidade o link contratado é de 15Mbps", "recomendacao": false, "itens_recomendados": "None", "problemas": [1]}}, {"model": "reports.ratpadrao", "pk": 74, "fields": {"descricao": "Configuração de link Embratel", "solucao": "Após instalação do link de internet da operadora Embratel, a direção da escola solicitou instalação de rede local e divisão da largura de banda da internet. instalado e confirgurado o roteador da marca: GTS Telecom, Modelo: GTS Super AP Power, Nº de série 78.0454ARB. A rede Wi-Fi foi configurada com sucesso. o computador da direção foi conectado via rede cabeada ao mesmo reoteador para acessar o software da mernda sem a necessidade de de configurar rede VPN. Após verificação aferimos 9,2Mbps de velocidade de conexão no link Embratel, 12.0Mbps no link Oi Conectada e 14.3 no link Oi MEC. \n SSID(nome da rede):secretaria_embratel \n Senha:$M3escol@s2019", "recomendacao": false, "itens_recomendados": "None", "problemas": [1]}}, {"model": "reports.ratpadrao", "pk": 75, "fields": {"descricao": "Programa informar que está sem medidor", "solucao": "Programa foi desinstalado pelo Painel de controle e reinstalado, visto que o aplicativo não foi instalado totalmente. Por ele ter sido reinstalado então é necessário aguardar 24 horas para que programa rode online e mostre que ele etá mostrando ou não o medidor. Por se tratar de uma sexta feira e a Direção não quiser deixar o micro ligado o final de semana inteiro até mesmo por questão de segurança de ter algum pico de luz durante o final de semana. Micro poderá ser desligado no final do expediente e religá-lo na segunda feira e deixar ligado pór 24 horas só desligando ele na terça-feira", "recomendacao": false, "itens_recomendados": "None", "problemas": [3]}}, {"model": "reports.ratpadrao", "pk": 76, "fields": {"descricao": "Sem Internet Oi MEC", "solucao": "Ao chegar à unidade foi constatada falha de acesso à internet, após detectou-se que as duas operadoras no local estavam inoperantes, a saber, Oi e Embratel. O modem da operadora Oi apresenta falha e mesmo depois de resetar ele não voltou a operar e o led de rede LAN fica aceso constantemente mesmo sem cabo conectado. Os chamados 208163486 - BA / 208255759 / 2021060063897 foram abertos para atender esta demanda e ainda não foram encerrados pela operadora. O link da Embratel apresenta instabilidade durante o atendimento ficou inoperante a maior parte do tempo e mesmo com teste de 'ping' e 'tracert' não foi possível acessar rede externa com sucesso, mesmo que no teste de rota tenha conseguido acessar alguns pontos de rota externa. No entanto no encerramento do chamado o link está funcionando satisfatoriamente. O chamado 307048 foi aberto para atender esta demanda.", "recomendacao": false, "itens_recomendados": "None", "problemas": [1]}}, {"model": "reports.ratpadrao", "pk": 77, "fields": {"descricao": "Instalação de impressora", "solucao": "Direção solicitou instalação da impressora modelo Brother DCP 1602, após retorno de manutenção externa. Após instalação dos drivers USB na maquina de origem foi solicitada a instalação de compartilhamento nos computadores do assistente administrativo, coordenação pedagógica e secretaria. Todos computadores imprimiram páginas de teste com sucesso", "recomendacao": false, "itens_recomendados": "None", "problemas": [3]}}, {"model": "reports.ratpadrao", "pk": 78, "fields": {"descricao": "Verificação de notebooks e desktops da unidade", "solucao": "Desktops em estado de imprestabilidade foram revisados constatando que todos apresentam componentes queimados ou ausentes na placa mãe, algumas peças sobressalentes foram retiradas e armazenadas no laboratório para eventual reparo de outros micros. O Parecer Técnico de Baixa já foi documentado em atendimento anterior. Executada manutenção preventiva no desktop do diretor adjunto. Configurado WEB Enable e Impressora RICOH SP377 nos desktops da secretaria. Configurada Impressora RICOH SP377 no desktop da direção Notebook LG configurado e Microsoft Office 2010 e impressora Brother MFC-9330CDW. Executado registro do sistema operacional, instalação da rede wi-fi e Manutenção preventiva nos micros da sala dos professores.", "recomendacao": false, "itens_recomendados": "None", "problemas": [3, 4]}}, {"model": "reports.ratpadrao", "pk": 79, "fields": {"descricao": "O COMPUTADOR DA DIREÇÃO NÃO ESTA CONECTADO NA REDE WI FI", "solucao": "A rede wi-fi do projeto Escola Conectada estava configurada com IP fixo no adaptador de rede wi-fi do micro da diretora adjunta, após configurar o DHCP a rede voltou a funcionar normalmente. A diretora adjunta solicitou instalação do Medidor Educação Conectada, após teste de velocidade aferimos 3,82Mbps.", "recomendacao": false, "itens_recomendados": "None", "problemas": [3, 4]}}, {"model": "reports.ratpadrao", "pk": 80, "fields": {"descricao": "O computador da Diretora está com problemas", "solucao": "A conta de usuário do Windows 7 apresentava instabilidade e estava com mais de 20GB de arquivos na área de trabalho, após a analise foi realizado backup dos arquivos, a conta foi deletada e os arquivos e configurações restaurados em uma nova conta. Todas as contas extras foram excluídas. A usuária verificou o backup e testou a nova conta atestando a resolução do problema.", "recomendacao": false, "itens_recomendados": "None", "problemas": [3]}}, {"model": "reports.ratpadrao", "pk": 81, "fields": {"descricao": "Unidade sem acesso a internet da OI.", "solucao": "Após análise foi verificado que o AP Intelbras 310 não fornecia endereço de IPv4 e por este motivo a maioria dos links de internet não estavam funcionando. Utilizando o modem Oi conectado diretamente em um computador o mesmo problema foi observado, em contato com a operadora Oi verificamos que o link estava operando normalmente e após teste de configuração do modem foi possível conectar-se a internet utilizando um endereço IPv4, porém ao conectar o modem ao AP problema ainda persistia. O AP foi resetado sem sucesso, a antena do AP foi retirada do local de origem e restada também, o modo de operação foi configurado para roteador e o link voltou a funcionar normalmente.", "recomendacao": false, "itens_recomendados": "None", "problemas": [1, 2]}}, {"model": "reports.ratpadrao", "pk": 82, "fields": {"descricao": "Unidade sem acesso a internet da OI.", "solucao": "O roteador wi-fi da rede da operadora Embratel estava inoperante, após analise a rede foi removida e recadastrada no wi-fi do notebook que não estava acessando e o roteador foi reiniciado reestabelecendo a conexão. A direção solicitou a instalação da impressora da biblioteca no notebook dos professores, a impressora foi instalada com sucesso.", "recomendacao": false, "itens_recomendados": "None", "problemas": [1, 2]}}, {"model": "reports.ratpadrao", "pk": 83, "fields": {"descricao": "O TÉCNICO DA OI JÁ REALIZOU O SERVIÇO DE INSTALAÇÃO DA FIBRA DO VPN, AGUARDANDO AGORA O TÉCNICO DA CRE PARA A INSTALAÇÃO NOS COMPUTADORES DA SECRETARIA.", "solucao": "Ao chegar à unidade foi constatado que a operadora Oi instalou o link novo da sala de leitura e pôs o rack em cima da mesa sem fixa-lo na parede. Constatamos também que o antigo link da Oi MEC foi removido e substituído pelo link novo. Após teste constatamos que o link esta funcionando corretamente e como não existe estrutura de cabo de rede da sala de leitura para a direção o link foi configurado em um AP com a SSID: INTERNET CONECTADA. A direção solicitou instalação do rack na sala da Direção, orientamos que este serviço deve ser solicitado junto à operadora Oi. Foi reaberto o chamado sobre o link antigo da Oi MEC, para verificar inoperância e reestabelecimento do link. O protocolo do chamado aberto foi 208318288.", "recomendacao": false, "itens_recomendados": "None", "problemas": [1, 2]}}, {"model": "reports.ratpadrao", "pk": 84, "fields": {"descricao": "BOA TARDE, SOLICITAMOS CONFIGURAÇÃO DE 2 COMPUTADORES.", "solucao": "O compartilhamento do computador E1019815-001 não estavam funcionando porque o micro estava conectada em outra rede wi-fi, a saber ‘SMERJESCOLA’, todos computadores foram conectados na mesma rede e o grupo de trabalho de todas foi definido como ‘SMERJ_DOM’ e os compartilhamentos voltaram a funcionar normalmente. A direção foi orientada sobre a importância de manter todos computadores conectados a mesma rede para que o compartilhamento continue funcionando. A impressora estava funcionando normalmente para imprimir arquivos com mais de 1 folha, provavelmente outra funcionária configurou os padrões de impressão corretamente ontem. A direção foi orientada sobre as configurações de impressão para o incidente não ocorrer novamente.", "recomendacao": false, "itens_recomendados": "None", "problemas": [2, 3]}}, {"model": "reports.ratpadrao", "pk": 85, "fields": {"descricao": "Solicito visita técnica para manutenção de notebook e impressora que não está funcionando.", "solucao": "A impressora esta compartilhada com os outros computadores através do micro da coordenação, após análise foi constatado que a impressora estava off-line e após remover e reconectar o cabo USB a mesma voltou a imprimir normalmente nos três computadores. Páginas de teste foram enviadas atestando a solução do problema. O notebook DATEN não estava iniciando, pois a tela de login estava em modo de continuação do Windows. Após reiniciar o Windows cancelando a continuação o sistema voltou a funcionar novamente. O aplicativo do Banco do Brasil foi reinstalado e o driver do wi-fi foi atualizado e a conexão foi reestabelecida com sucesso.", "recomendacao": false, "itens_recomendados": "None", "problemas": [2, 3]}}, {"model": "reports.ratpadrao", "pk": 86, "fields": {"descricao": "O LABORATÓRIO DE INFORMÁTICA , NÃO ESTÁ ACESSANDO", "solucao": "Após analise verificou-se que o cabo de dados que fornece conexão com o laboratório através do link da operadora Oi do projeto Escola Conetada está com defeito, foi utilizado o cabeamento da sala de leitura para restabelecer a conexão com a internet através do link da operadora Embratel, e a direção da escola foi orientada a providenciar conectores RJ45 novos para manutenção do cabo. \r\nO modem Oi MEC está com o link inoperante, foi aberto o chamado 218160670616 pelo atendente Eduardo junto a operadora Oi para verificar o incidente. A previsão de atendimento é de 24h a partir da abertura do chamado.", "recomendacao": false, "itens_recomendados": "", "problemas": [1, 2]}}, {"model": "reports.ratpadrao", "pk": 87, "fields": {"descricao": "Sem internet", "solucao": "Reset modem", "recomendacao": false, "itens_recomendados": "", "problemas": [1]}}, {"model": "reports.ratpadrao", "pk": 88, "fields": {"descricao": "Usuária informa que não consegue acessar o VPN", "solucao": "Após análise verificou-se a necessidade de instalar atualização KB3033929 de criptografia SHA-2 do windows 7 e reinstalação do checkpoint para versão atualizada. A diretora da unidade fez logon com sucesso restabelecendo a conexão VPN e o sistema do IPLAN voltou a funcionar.", "recomendacao": false, "itens_recomendados": "", "problemas": [2]}}, {"model": "reports.ratpadrao", "pk": 89, "fields": {"descricao": "UM DOS NOTEBOOKS DATEN APRESENTANDO TELA MANCHADA", "solucao": "Após análise verificou-se que o defeito é físico, provavelmente alguém pressionou a tela danificando o LCD. A direção foi orientada sobre como utilizar um monitor externo para conseguir acessar o notebook. Foi instalado e configurado o software de merenda em 2 notebooks.O computador da direção apresentava instabilidade na conexão de internet wi-fi, foi realizada manutenção preventiva e reinstalação do driver de rede, o equipamento ficará sobre observação e caso necessário a direção foi orientada abrir um novo chamado para verificação.", "recomendacao": false, "itens_recomendados": "", "problemas": [1, 2, 5]}}, {"model": "reports.ratpadrao", "pk": 90, "fields": {"descricao": "Verificação de Laboratório", "solucao": "A sala do laboratório foi usada para guardar os instrumentos da sala de música. Encontramos 6 micros no local sendo 1 montado (projeto Proinfo Rural) e 5 desktops DATEN modelo: DT02 - CV01 dos quais apenas 4 estão funcionando. O micro montado não está funcionando e não foi possível realizar testes pois está trancado e a escola não possui a chave. A direção da unidade foi informada sobre a necessidade de reorganizar a sala para  arrumação dos computadores respeitando o distanciamento adequado. A rede local não está funcionando, mas não foi possível verificar o motivo da falha devido a situação citada acima.", "recomendacao": false, "itens_recomendados": "", "problemas": [1, 2, 3, 4]}}, {"model": "reports.ratpadrao", "pk": 91, "fields": {"descricao": "Fazer o cabeamento para o funcionamento de interne", "solucao": "Os cabeamentos dos computadores do laboratório foram refeitos e a conexão foi restabelecida. A direção da unidade solicitou refazer cabeamento de mais 2 pontos na sala da direção.", "recomendacao": false, "itens_recomendados": "", "problemas": [2]}}, {"model": "reports.ratpadrao", "pk": 92, "fields": {"descricao": "Verificação do Laboratório de Informática", "solucao": "Fomos informados pelo diretor adjunto da unidade que os computadores do laboratório foram doados e já não constam no inventário da escola. Foi apresentado laudo de baixa e termo de doação comprovando o fato informado.", "recomendacao": false, "itens_recomendados": "", "problemas": [5]}}, {"model": "reports.ratpadrao", "pk": 93, "fields": {"descricao": "Verificação do Laboratório de Informática", "solucao": "Fomos informados pelo diretor adjunto da unidade que os computadores do laboratório foram doados e já não constam no inventário da escola. Foi apresentado laudo de baixa e termo de doação comprovando o fato informado.", "recomendacao": false, "itens_recomendados": "", "problemas": [5]}}, {"model": "reports.ratpadrao", "pk": 94, "fields": {"descricao": "Boa tarde. Solicito avaliação de 6 notebooks para", "solucao": "Ao chegar na unidade recebi 6 notebooks para verificação, todos estavam funcionando e receberam manutenção preventiva. Após o término da tarefa a diretora chegou a unidade e apresentou os notebooks que estavam com defeito foram revisados mais 8 notebooks dois quais apenas 1 apresentou falha na tela não exibindo imagem e a direção foi orientada a utilizar um monitor externo, 1 apresentou defeito de hd e outros 2 estavam em estado de imprestabilidade com a tela rachada e sem componentes internos. os equipamentos com defeito foram listados no parecer técnico anexo para baixa.", "recomendacao": false, "itens_recomendados": "", "problemas": [3, 4]}}, {"model": "reports.ratpadrao", "pk": 95, "fields": {"descricao": "Configurar impressora.", "solucao": "O modem Oi não estava funcionando e o micro que compartilha a impressora estava desconectado. O novo modem ADSL D-Link  fornecido pela direção foi instalado e configurado e após restabelecer a conexão com a internet e reconfigurar a rede wi-fi da secretaria todos os computadores imprimiram com sucesso. O Google Chrome do micro estava com defeito e foi reinstalado.", "recomendacao": false, "itens_recomendados": "", "problemas": [1, 2, 3]}}, {"model": "reports.ratpadrao", "pk": 96, "fields": {"descricao": "Problemas para acessar internet", "solucao": "Ao chegar na unidade a secretária informou que técnico da Claro em visita religou algum equipamento e a internet voltou a funcionar. O modem da Oi está travado ao conecta-lo em um micro e acessar a página de configurações o mesmo voltou a funcionar. A secretária foi informada sobre diagnóstico dos leds e procedimento de reinicialização do modem, caso o incidente ocorra novamente", "recomendacao": false, "itens_recomendados": "", "problemas": [1, 2]}}, {"model": "reports.ratpadrao", "pk": 97, "fields": {"descricao": "Unidade Escolar solicita verificação de computador", "solucao": "Foram avaliados 4(quatro) computadores a pedido da direção da unidade, um deles tem o hardware obsoleto para utilizar os sistemas atualizados, os outros 3(três) apresentaram falha física na placa mãe e/ou fonte de alimentação, sendo que um deles não possui nem HD nem memória RAM. Segue anexo este documento o parecer técnico de baixa detalhado.", "recomendacao": false, "itens_recomendados": "", "problemas": [4]}}, {"model": "reports.ratpadrao", "pk": 98, "fields": {"descricao": "Micros da Sala de leitura não estão conectando", "solucao": "As redes wi-fi da escolas estão todas conectadas no link da operadora Embratel pois a Oi está inativa.Os computadores da sala de leitura estão acessando a internet, porém o sinal é fraco devido a estrutura do prédio e a distância das antenas. A direção foi orientada a reposicionar os computadores mais próximos da porta e se possível comprar um adaptador wi-fi USB para o micro do canto esquerdo conectado a impressora, pois está com alta intermitência do sinal. Foi aberto o chamado 218160709559 na Oi dia 29/06 e a operadora informou que segunda dia 05/07 haverá manutenção externa na estrutura de cabeamento e provável restabelecimento do link.", "recomendacao": true, "itens_recomendados": "Adaptador Wi-Fi USB", "problemas": [1, 2]}}, {"model": "reports.ratpadrao", "pk": 99, "fields": {"descricao": "OS NOTEBOOKS DA ESCOLA TEM APRESENTADO EXTREMA", "solucao": "Foram revisados 6 notebooks Daten e 4 notebooks LG, todos receberam manutenção preventiva. Notebook do 4º ano está com a placa de áudio em curto e foi recomendada a aquisição de uma placa de áudio USB. Notebook 3º ano não exibe imagem, mas funciona em monitor externo. 1 notebook LG foi formatado com sistema operacional windows 10.", "recomendacao": true, "itens_recomendados": "Placa de Áudio USB", "problemas": [3, 4]}}, {"model": "reports.ratpadrao", "pk": 100, "fields": {"descricao": "OS 2 COMPUTADORES DA SECRETARIA NÃO IMPRIMEM", "solucao": "A rede do notebook da direção estava desabilitada, após remover a rede e reinserir a impressora continuou a funcionar. Os computadores da secretaria, coordenação e núcleo também não estava imprimindo. Após remover e reinstalar o driver todos voltaram a imprimir.", "recomendacao": true, "itens_recomendados": "", "problemas": [2, 3]}}, {"model": "reports.ratpadrao", "pk": 101, "fields": {"descricao": "Solicito internet e office em um computador", "solucao": "O Microsoft Office 2010 foi atualizado. O Software para Merenda foi instalado e a impressora em rede Xerox Workcentre 3225 foi instalada com sucesso. O notebook precisa estar na rede cabeada para usar a impressora e o sistema de merenda. Os 2 pontos de rede da secretaria estão inoperantes. A direção da unidade foi orientada a adquirir 4 conectores RJ-45 para manutenção dos cabos. Um cabo de rede extra foi adicionado ao switch para utilização enquanto o problema da secretaria não for solucionado.", "recomendacao": true, "itens_recomendados": "Conectores RJ-45", "problemas": [2, 3]}}, {"model": "reports.ratpadrao", "pk": 102, "fields": {"descricao": "COLOCAR EM REDE A IMPRESSORA BROTHER WI-FI", "solucao": "Foi necessária a instalação da impressora somente na coordenação. Foi solicitada a verificação de 2 micros 1 da secretaria apresentava instabilidade do sistema operacional e foi formatado. A operadora Line Inject estava inoperante, foi aberto um chamado e o link da Oi foi redirecionado para arede SMERJESCOLA_EMB", "recomendacao": false, "itens_recomendados": "", "problemas": [1, 2, 3]}}, {"model": "reports.ratpadrao", "pk": 103, "fields": {"descricao": "Solicito a instalação de 2 SSD de 480 GB", "solucao": "Foram instalados os SSD's nos 2 micros e os aplicativos e arquivos pessoais recuperados com sucesso", "recomendacao": false, "itens_recomendados": "", "problemas": [3, 4]}}, {"model": "reports.ratpadrao", "pk": 104, "fields": {"descricao": "Computador da direção sem acesso à internet.", "solucao": "O driver de rede wi-fi foi atualizado restabelecendo a conexão com sucesso. No entanto foi verificado que o sinal de rede na sala é muito baixo devido a estrutura do prédio e a distância da antena, ocasionando lentidão na conexão. A direção foi orientada a providenciar um AP mais próximo da sala. Foi realizada manutenção preventiva no windows afim de melhorar um pouco o desempenho", "recomendacao": true, "itens_recomendados": "roteador wi-fi ou repetidor", "problemas": [2]}}, {"model": "reports.ratpadrao", "pk": 105, "fields": {"descricao": "Solicito instalação do Aplicativo de merenda", "solucao": "O software foi instalado com sucesso nos 3 computadores solicitados pela direção. A diretora testou com sucesso.", "recomendacao": false, "itens_recomendados": "", "problemas": [2, 3]}}, {"model": "reports.ratpadrao", "pk": 106, "fields": {"descricao": "Informo que estamos sem internet da OI.", "solucao": "Após analise foi constatado que o modem da Oi não tem sinal DSL e Internet. Foi aberto o chamado 218161001473 com o técnico Mateus na operadora e o prazo de contato inicial  é de 24h.", "recomendacao": false, "itens_recomendados": "", "problemas": [1]}}, {"model": "reports.ratpadrao", "pk": 107, "fields": {"descricao": "Manutenção dos computadores do laboratório", "solucao": "O laboratório possui 9 desktops sendo 8 Positivo Modelo Series F e 1 Modelo Series Q. Um desktop series F apresnetou defeito no HD e a memória RAM foi reaproveitada em outro micro. A direção foi informada que a lentidão no computadores é devido ao hardware com baixa capacidade (CPU: Celeron e 1 GB de RAM ). O relatório detalalhado no laboratório segue em anexo.", "recomendacao": false, "itens_recomendados": "", "problemas": [3, 4]}}, {"model": "reports.ratpadrao", "pk": 108, "fields": {"descricao": "Escola sem internet", "solucao": "Ao chegar na unidade fomos informados que a internet esta funcionando normalmente e a solicitação seria para instalação do software da Merenda e impressora de rede em um notebook e manutenção preventiva em um desktop que apresentava lentidão. As tarefas foram executadas e a direção testou com sucesso.", "recomendacao": false, "itens_recomendados": "", "problemas": [2, 3]}}, {"model": "reports.ratpadrao", "pk": 109, "fields": {"descricao": "Micro não esta acessando a internet.", "solucao": "Ao chegar na unidade fomos informados que a internet no desktop a diretora adjunta está funcionando normalmente. A direção foi orientada sobre testes de conexão com outros navegadores quando o incidente ocorrer novamente. Conforme solicitado pela direção o VPN foi instalado em todos micros para que em eventual falha do link Embratel o software de merenda continue funcionando.  A direção foi orientada a adquirir adaptadores Wi-Fi USB para os desktops que ainda não possuem acesso a rede sem fio.", "recomendacao": true, "itens_recomendados": "2x Adaptadores Wi-Fi USB", "problemas": [3]}}, {"model": "reports.ratpadrao", "pk": 110, "fields": {"descricao": "Aparece acesso a internet porém não funciona", "solucao": "O link de internet da Embratel estava ligado em um AP que não estava ativo. Após reconectar o link ao switch dos AP's corretos a conexão foi restabelecida. O software da merenda voltou a funcionar normalmente. A direção foi orientada utilizar apenas a rede wi-fi para conexão alternando entre as redes disponíves quando for necessário utilizar a intranet da SME. Em visita ao rack de rede no laboratório de informática foi verificado que o cabo de telefonia do modem OI MEC está rompido, como a direção informou que o incidente ocorreu após a instalação da nova fornecedora, orientamos que entrem em contato com a mesma solicitando nova visita para reparar o cabo para que então seja possível abrir um chamado na OI para verificar o sinal. O link novo instalado é da operadora More Speed Informática e Telecom com a velocidade aferida em 102,39 Mbps", "recomendacao": false, "itens_recomendados": "", "problemas": [1, 2, 3]}}, {"model": "reports.ratpadrao", "pk": 111, "fields": {"descricao": "Verificação de 3 Micros e Internet Embratel", "solucao": "Ao chegar na unidade fui informado que o link da Embratel já está funcionando. O micro da secretaria que não estava ligando foi analisado e constatou-se um defeito irreversível na placa mãe o parecer técnico de baixa do equipamento segue anexo ao relatório. O segundo micro da coordenação está com a bateria descarregada e não está salvando as configurações a bateria foi retirada e a direção da escola foi orientada a adquirir bateria nova para substituição, a direção foi orientada sobre a necessidade de atualizar o horário sempre que o computador for desligado ou deixá-lo em modo de suspensão. O micro da direção não estava acessando a internet pois o adaptador Wi-Fi USB estava danificado, como a direção disponibilizou outro adaptador o mesmo foi instalado e a conexão foi restabelecida. Todos os micros foram conectados a impressora da secretaria pela rede. O software de merenda foi instalado e configurado nos dois computadores ativos na secretaria a pedido da direção.", "recomendacao": true, "itens_recomendados": "bateria para placa mãe", "problemas": [1, 2, 3, 4]}}, {"model": "reports.ratpadrao", "pk": 112, "fields": {"descricao": "Reinstalar os drives de teclado e mouse do desktop", "solucao": "Após conectar outro teclado e outro mouse e restaurar configurações de fábrica no setup do equipamento o teclado e mouse antigos voltaram a funcionar. Os drivers do micro foram atualizados a impressora HP instalada e software de merenda configurado a pedido da direção.", "recomendacao": false, "itens_recomendados": "", "problemas": [4]}}, {"model": "reports.ratpadrao", "pk": 113, "fields": {"descricao": "Verificar cabo do DataShow da Sala de aula", "solucao": "Foi verificado que apesar de antigo e oxidado o cabo ainda funciona, os pinos estão um pouco amassados, mas com cuidado é possível usar. A direção foi orientada a solicitar serviço de manutenção predial para efetuar a troca visto que a professora já possuí um cabo novo. Foi realizada orientação sobre utilização do scanner para a técnica administrativa da unidade. O link de internet do AP da direção foi trocado da Oi para a operadora local, pois esta voltou a funcionar normalmente.", "recomendacao": false, "itens_recomendados": "", "problemas": [2, 3, 4]}}, {"model": "reports.ratpadrao", "pk": 114, "fields": {"descricao": "Micro não está abrindo o excel", "solucao": "O windows estava desconfigurado para reconhecer extensão .xls de planilhas do excel, após configuração as planilhas voltaram a abrir normalmente. Instalado software de merenda nos dois computadores da direção conforme solicitado.", "recomendacao": false, "itens_recomendados": "", "problemas": [3]}}, {"model": "reports.ratpadrao", "pk": 115, "fields": {"descricao": "SEM ACESSO A INTERNET. Estava funcionando perfeita", "solucao": "A placa de rede wi-fi do desktop estava com o fio da antena rompido internamente. Como a unidade dispunha de placa de rede .sobressalente efetuamos a troca e a conexão foi restabelecida", "recomendacao": false, "itens_recomendados": "", "problemas": [2, 4]}}, {"model": "reports.parecertecnico", "pk": 119, "fields": {}}, {"model": "reports.computador", "pk": "123123eew", "fields": {"escola": "10.26.024", "local": 1, "tipo": 2, "marca": "Daten", "modelo": "DC1", "numero_inventario": "as3354676tf", "sistema_operacional": "windowws 7", "processador": "3", "ram": "8", "hostname": "asd33", "ip": "127.0.0.1", "mac_address": "sadfasd32345", "ativo": true, "funcionando": true, "data_criacao": "2021-08-12T01:45:06.079Z", "data_edicao": "2021-08-12T01:45:06.190Z"}}, {"model": "reports.computador", "pk": "123123eeX", "fields": {"escola": "10.26.024", "local": 1, "tipo": 2, "marca": "Daten", "modelo": "DC1", "numero_inventario": "as3354676tG", "sistema_operacional": "Linux 5.10.52-v7l+", "processador": "armv7l", "ram": "4 GB", "hostname": "raspiMai", "ip": "127.0.1.1", "mac_address": "8d:9d:02:97:9b:b2", "ativo": true, "funcionando": true, "data_criacao": "2021-08-12T01:45:06.079Z", "data_edicao": "2021-08-12T01:45:06.190Z"}}, {"model": "reports.computador", "pk": "23416682", "fields": {"escola": "10.19.037", "local": 2, "tipo": 1, "marca": "Positivo", "modelo": "Series F", "numero_inventario": "02548899", "sistema_operacional": "Windows 7", "processador": "0.0GHz", "ram": "0GB", "hostname": "hostname", "ip": "127.0.0.1", "mac_address": "mac-address", "ativo": true, "funcionando": true, "data_criacao": "2021-08-12T01:45:06.079Z", "data_edicao": "2021-08-12T01:45:06.190Z"}}, {"model": "reports.computador", "pk": "23416689", "fields": {"escola": "10.19.037", "local": 4, "tipo": 2, "marca": "Daten", "modelo": "DT-02", "numero_inventario": "02548899554", "sistema_operacional": "Linux 5.10.17-v7l+", "processador": "armv7l", "ram": "4 GB", "hostname": "raspiMai", "ip": "127.0.1.1", "mac_address": "dc:a6:32:9c:c7:04", "ativo": true, "funcionando": true, "data_criacao": "2021-08-12T01:45:06.079Z", "data_edicao": "2021-08-12T01:45:06.190Z"}}, {"model": "reports.computador", "pk": "2341668947", "fields": {"escola": "10.26.021", "local": 1, "tipo": 2, "marca": "Positivo", "modelo": "DT-02", "numero_inventario": "0254889922", "sistema_operacional": "Linux 5.10.17-v7l+", "processador": "armv7l", "ram": "4 GB", "hostname": "raspiMai", "ip": "127.0.1.1", "mac_address": "dc:a6:32:9c:c7:04", "ativo": true, "funcionando": true, "data_criacao": "2021-08-12T01:45:06.079Z", "data_edicao": "2021-08-12T01:45:06.190Z"}}, {"model": "reports.computador", "pk": "2516685", "fields": {"escola": "10.19.211", "local": 2, "tipo": 2, "marca": "Daten", "modelo": "DT-02", "numero_inventario": "0254889955", "sistema_operacional": "Windows 7", "processador": "0.0GHz", "ram": "0GB", "hostname": "hostname", "ip": "127.0.0.1", "mac_address": "mac-address", "ativo": true, "funcionando": true, "data_criacao": "2021-08-12T01:45:06.079Z", "data_edicao": "2021-08-12T01:45:06.190Z"}}, {"model": "reports.computador", "pk": "2516689", "fields": {"escola": "10.19.037", "local": 1, "tipo": 1, "marca": "Positivo", "modelo": "Series F", "numero_inventario": "5402548899", "sistema_operacional": "Windows 7", "processador": "0.0GHz", "ram": "0GB", "hostname": "hostname", "ip": "127.0.0.1", "mac_address": "mac-address", "ativo": true, "funcionando": true, "data_criacao": "2021-08-12T01:45:06.079Z", "data_edicao": "2021-08-12T01:45:06.190Z"}}, {"model": "reports.computador", "pk": "qwe4432", "fields": {"escola": "10.19.001", "local": 2, "tipo": 1, "marca": "HP", "modelo": "HP-123ed", "numero_inventario": "q22314q", "sistema_operacional": "windows", "processador": "3", "ram": "8", "hostname": "adf", "ip": "127.0.0.1", "mac_address": "asd1qwe", "ativo": true, "funcionando": true, "data_criacao": "2021-08-12T01:45:06.079Z", "data_edicao": "2021-08-12T01:45:06.190Z"}}, {"model": "reports.ratlaboratorio", "pk": 118, "fields": {"tipo": 1, "fotos": "", "links": [], "computadores": ["23416682", "2516689"]}}, {"model": "reports.statusdebaixa", "pk": 1, "fields": {"parecer": 119, "computador": "23416682", "motivo": "obsolescência", "descricao": "Não liga"}}]